<powerbireport uniquename="tsis01_00647848bf9e47debc611eb65c214b9c">
  <datasetid>
    <uniquename>new_dataset_18d82ce9-d76c-4d0a-a332-6b48b5b2b233</uniquename>
  </datasetid>
  <etag>638180265898030000</etag>
  <iscustomizable>1</iscustomizable>
  <name>PowerAppsBiRep</name>
  <package mimetype="application/zip">package.pbipkg</package>
  <reportobjectid>a1771ec1-ab11-4af8-93fc-eaf5a9a44885</reportobjectid>
  <reportoriginalobjectid>c96257ab-e52a-402c-9fe6-e338203fa6a2</reportoriginalobjectid>
  <statecode>0</statecode>
  <statuscode>1</statuscode>
  <workspaceobjectid>0331a8df-7d84-4cb6-96b2-03f1da5f2780</workspaceobjectid>
</powerbireport>