<ImportExportXml version="9.2.23034.220" SolutionPackageVersion="9.2" languagecode="1033" generatedBy="CrmLive" xmlns:xsi="http://www.w3.org/2001/XMLSchema-instance">
  <SolutionManifest>
    <UniqueName>FeedbackCustomerVoice</UniqueName>
    <LocalizedNames>
      <LocalizedName description="FeedbackCustomerVoice" languagecode="1033" />
    </LocalizedNames>
    <Descriptions />
    <Version>1.0.0.2</Version>
    <Managed>0</Managed>
    <Publisher>
      <UniqueName>TsIs</UniqueName>
      <LocalizedNames>
        <LocalizedName description="TSIS" languagecode="1033" />
      </LocalizedNames>
      <Descriptions />
      <EMailAddress xsi:nil="true"></EMailAddress>
      <SupportingWebsiteUrl xsi:nil="true"></SupportingWebsiteUrl>
      <CustomizationPrefix>tsis01</CustomizationPrefix>
      <CustomizationOptionValuePrefix>60326</CustomizationOptionValuePrefix>
      <Addresses>
        <Address>
          <AddressNumber>1</AddressNumber>
          <AddressTypeCode>1</AddressTypeCode>
          <City xsi:nil="true"></City>
          <County xsi:nil="true"></County>
          <Country xsi:nil="true"></Country>
          <Fax xsi:nil="true"></Fax>
          <FreightTermsCode xsi:nil="true"></FreightTermsCode>
          <ImportSequenceNumber xsi:nil="true"></ImportSequenceNumber>
          <Latitude xsi:nil="true"></Latitude>
          <Line1 xsi:nil="true"></Line1>
          <Line2 xsi:nil="true"></Line2>
          <Line3 xsi:nil="true"></Line3>
          <Longitude xsi:nil="true"></Longitude>
          <Name xsi:nil="true"></Name>
          <PostalCode xsi:nil="true"></PostalCode>
          <PostOfficeBox xsi:nil="true"></PostOfficeBox>
          <PrimaryContactName xsi:nil="true"></PrimaryContactName>
          <ShippingMethodCode>1</ShippingMethodCode>
          <StateOrProvince xsi:nil="true"></StateOrProvince>
          <Telephone1 xsi:nil="true"></Telephone1>
          <Telephone2 xsi:nil="true"></Telephone2>
          <Telephone3 xsi:nil="true"></Telephone3>
          <TimeZoneRuleVersionNumber xsi:nil="true"></TimeZoneRuleVersionNumber>
          <UPSZone xsi:nil="true"></UPSZone>
          <UTCOffset xsi:nil="true"></UTCOffset>
          <UTCConversionTimeZoneCode xsi:nil="true"></UTCConversionTimeZoneCode>
        </Address>
        <Address>
          <AddressNumber>2</AddressNumber>
          <AddressTypeCode>1</AddressTypeCode>
          <City xsi:nil="true"></City>
          <County xsi:nil="true"></County>
          <Country xsi:nil="true"></Country>
          <Fax xsi:nil="true"></Fax>
          <FreightTermsCode xsi:nil="true"></FreightTermsCode>
          <ImportSequenceNumber xsi:nil="true"></ImportSequenceNumber>
          <Latitude xsi:nil="true"></Latitude>
          <Line1 xsi:nil="true"></Line1>
          <Line2 xsi:nil="true"></Line2>
          <Line3 xsi:nil="true"></Line3>
          <Longitude xsi:nil="true"></Longitude>
          <Name xsi:nil="true"></Name>
          <PostalCode xsi:nil="true"></PostalCode>
          <PostOfficeBox xsi:nil="true"></PostOfficeBox>
          <PrimaryContactName xsi:nil="true"></PrimaryContactName>
          <ShippingMethodCode>1</ShippingMethodCode>
          <StateOrProvince xsi:nil="true"></StateOrProvince>
          <Telephone1 xsi:nil="true"></Telephone1>
          <Telephone2 xsi:nil="true"></Telephone2>
          <Telephone3 xsi:nil="true"></Telephone3>
          <TimeZoneRuleVersionNumber xsi:nil="true"></TimeZoneRuleVersionNumber>
          <UPSZone xsi:nil="true"></UPSZone>
          <UTCOffset xsi:nil="true"></UTCOffset>
          <UTCConversionTimeZoneCode xsi:nil="true"></UTCConversionTimeZoneCode>
        </Address>
      </Addresses>
    </Publisher>
    <RootComponents>
      <RootComponent type="1" schemaName="tsis01_discussion" behavior="0" />
      <RootComponent type="1" schemaName="tsis01_questionvotes" behavior="0" />
      <RootComponent type="300" schemaName="tsis01_feedbackapp_ec9ec" behavior="0" />
    </RootComponents>
    <MissingDependencies>
      <MissingDependency>
        <Required type="1" schemaName="msfp_project" displayName="Customer Voice project" solution="MicrosoftFormsPro (2.0.0.42)">
          <package>MicrosoftFormsPro (2.0.0.42)</package>
        </Required>
        <Dependent type="300" schemaName="tsis01_feedbackapp_ec9ec" displayName="FeedbackApp" />
      </MissingDependency>
      <MissingDependency>
        <Required type="1" schemaName="msfp_question" displayName="Customer Voice survey question" solution="MicrosoftFormsPro (2.0.0.42)">
          <package>MicrosoftFormsPro (2.0.0.42)</package>
        </Required>
        <Dependent type="300" schemaName="tsis01_feedbackapp_ec9ec" displayName="FeedbackApp" />
      </MissingDependency>
      <MissingDependency>
        <Required type="1" schemaName="msfp_questionresponse" displayName="Customer Voice survey question response" solution="MicrosoftFormsPro (2.0.0.42)">
          <package>MicrosoftFormsPro (2.0.0.42)</package>
        </Required>
        <Dependent type="300" schemaName="tsis01_feedbackapp_ec9ec" displayName="FeedbackApp" />
      </MissingDependency>
      <MissingDependency>
        <Required type="1" schemaName="msfp_survey" displayName="Customer Voice survey" solution="MicrosoftFormsPro (2.0.0.42)">
          <package>MicrosoftFormsPro (2.0.0.42)</package>
        </Required>
        <Dependent type="300" schemaName="tsis01_feedbackapp_ec9ec" displayName="FeedbackApp" />
      </MissingDependency>
      <MissingDependency>
        <Required type="1" schemaName="msfp_surveyresponse" displayName="Customer Voice survey response" solution="MicrosoftFormsPro (2.0.0.42)">
          <package>MicrosoftFormsPro (2.0.0.42)</package>
        </Required>
        <Dependent type="300" schemaName="tsis01_feedbackapp_ec9ec" displayName="FeedbackApp" />
      </MissingDependency>
    </MissingDependencies>
  </SolutionManifest>
</ImportExportXml>