<powerbidataset uniquename="new_dataset_18d82ce9-d76c-4d0a-a332-6b48b5b2b233">
  <datasetobjectid>c5f008a0-6700-437e-829a-00a0bbe76d6f</datasetobjectid>
  <datasetoriginalobjectid>5fd7c7c3-bc6d-4752-a0d4-3d8d0d52401a</datasetoriginalobjectid>
  <dataverseconnectionupdateenabled>0</dataverseconnectionupdateenabled>
  <iscustomizable>1</iscustomizable>
  <name>PowerAppsBiRep</name>
  <package mimetype="application/zip">package.pbipkg</package>
  <statecode>0</statecode>
  <statuscode>1</statuscode>
  <workspaceobjectid>0331a8df-7d84-4cb6-96b2-03f1da5f2780</workspaceobjectid>
</powerbidataset>